{
  "zoomLevelReferenceBounds": {
    "1": [-122.503, 37.7298, -122.4367, 37.7823]
  },
  "mapBounds": [
    -122.54556625051363,
    37.69317328462176,
    -122.26201954402832,
    37.86535832880206
  ],
  "imageSize": 640
}
